{
  "env_id": "D4RL/pointmaze/umaze-v2",
  "horizon": 64,
  "obs_dim": 2,
  "n_windows": 13210,
  "goal_thresh": 0.5,
  "maze_map": [
    [
      1,
      1,
      1,
      1,
      1
    ],
    [
      1,
      0,
      0,
      0,
      1
    ],
    [
      1,
      1,
      1,
      0,
      1
    ],
    [
      1,
      0,
      0,
      0,
      1
    ],
    [
      1,
      1,
      1,
      1,
      1
    ]
  ],
  "cell_size": 1.0,
  "norm": {
    "d_min": [
      -1.3807810767958062,
      -1.3685301448458482
    ],
    "d_max": [
      1.3443873780293802,
      1.3389019935525082
    ]
  }
}